Respondent ID,Does your organization use any of the following to manage your website’s design and/or code?,,What does your library or system contain? Select all that apply.,,,,,,,,,,,,,,,,,,,How much of your website or application is sourced from your design system or library?,Who was initially responsible for creating the design system or library?,,Does your design system or library serve more than one web property?,"Which of the following, if any, motivated your organization to establish a design system or a pattern library?",,,,,,Are there any other important motivators that were not listed? (Optional),"In your opinion, how successful is your organization’s design system or pattern library?","If you feel that your organization’s design system or library was not successful, what were the main reasons? Select all that apply. (Optional)",,,,,,Who is primarily responsible for the design system?,,"Who values the design system most in your organization, if anyone?",,,,,,,,,Who are the primary users of the design system? Select all that apply.,,,,,,,Is your organization maintaining the design system?,"What is the size of the team that is currently working on the design system? (Include developers, UX, design, contractors/consultants, part-time and full-time members)",How are you maintaining your design system?,,"Which of the following, if any, would motivate your organization to establish a design system or a pattern library?",,,,,,,Are there any other important motivators that were not listed? (Optional),How likely is your organization to pursue a design system or a pattern library in the next year?,"What, if anything, would keep your organization from creating a design system or a pattern library?",,,,,,,,,,,Are there any other blockers that were not listed? (Optional),What most closely describes your role?,,What is your primary discipline?,,Which of the following best describes the principal industry of your employer? ,How many people are employed by your organization?
,Response,Other (please specify),Brand guidelines,Voice & tone guidelines,Usage guidelines,Accessibility guidelines,Color system,Spacing system,Typography system,Animation system,Grid system,Layout system,Content blocks,Navigation components,Form components,Example page templates,Design files,HTML code,CSS code,JS code,Other (please specify),Response,Response,Other (please specify),Response,Maintaining brand standards,Code reusability,Increased efficiency in design,Increased efficiency in development,Rapid prototyping,UX/UI consistency,Open-Ended Response,,Adoption difficulties,Staffing difficulties,Funding difficulties,Maintenance difficulties,Lack of executive champion,Other (please specify),Response,Other (please specify),Developers,Designers,User Experience,Marketing,Quality Assurance,Product Managers/Project Managers,Managers,Executive Leadership,Other (please specify),Developers,Designers,User Experience,Marketing,Quality Assurance,Product Managers/Project Managers,Other (please specify),Response,Response,Response,Other (please specify),Maintaining brand standards,Code reusability,Increased efficiency in design,Increased efficiency in development,Rapid prototyping,UX/UI consistency,Managing multiple web properties,Open-Ended Response,,Cost,Talent/resources,Would want a new website design first,Executive buy-in,Marketing department buy-in,IT department buy-in,Size of web property/properties,Was unaware,Maintenance,Perceived as low value,Technical constraints,Open-Ended Response,Response,Other (please specify),Response,Other (please specify),Response,Response
6813533045,Design system - reusable web components with clear usage guidelines,,Brand guidelines,,,,Color system,Spacing system,Typography system,Animation system,Grid system,Layout system,,Navigation components,,,Design files,,,,,More than 75% is from the design system,Internal team,,Yes,3,A strong motivator for my organization,4,A strong motivator for my organization,3,A strong motivator for my organization,,4,,,,Maintenance difficulties,,,Designers,,3,Values highly,Values highly,3,3,3,3,3,,Developers,Designers,User Experience,,,,,Yes,11-15,Maintained via a design system/pattern library tool,,,,,,,,,,,,,,,,,,,,,,,Manager,,User Experience,,"Telecommunications, IT Hardware, Software",51-200
6782813050,Design system - reusable web components with clear usage guidelines,,,Voice & tone guidelines,Usage guidelines,,Color system,,Typography system,,,,,Navigation components,Form components,,Design files,,,,,More than 75% is from the design system,Internal team,,Yes,3,2,A strong motivator for my organization,2,4,A strong motivator for my organization,,4,,,,,,,User Experience,,4,Values highly,Values highly,3,3,3,Values highly,4,,,Designers,User Experience,,,,,Yes,3-5,Partially dedicated team/committee,,,,,,,,,,,,,,,,,,,,,,,Manager,,User Experience,,Healthcare & Pharmaceuticals,"501-2,000"
6772435463,Design system - reusable web components with clear usage guidelines,,,,Usage guidelines,Accessibility guidelines,Color system,Spacing system,Typography system,,Grid system,,,Navigation components,Form components,Example page templates,,HTML code,,,,I am not sure or I prefer not to say,Internal team,,No,4,A strong motivator for my organization,A strong motivator for my organization,4,2,A strong motivator for my organization,,Very successful,,,,,,,Developers,,4,3,4,2,3,4,3,3,,Developers,Designers,,,,,,Yes,16-19,Maintained via a design system/pattern library tool,,,,,,,,,,,,,,,,,,,,,,,Individual contributor,,Development,,Healthcare & Pharmaceuticals,"10,001+"
6771566782,Design system - reusable web components with clear usage guidelines,,Brand guidelines,Voice & tone guidelines,Usage guidelines,Accessibility guidelines,Color system,,Typography system,,Grid system,Layout system,Content blocks,Navigation components,Form components,Example page templates,,HTML code,CSS code,JS code,,Less than 50% is from the design system,Combination of internal team and agency or consultant,,Yes,4,A strong motivator for my organization,4,A strong motivator for my organization,4,A strong motivator for my organization,,4,,Staffing difficulties,Funding difficulties,Maintenance difficulties,,,Designers,,4,4,3,N/A,N/A,N/A,N/A,3,,Developers,Designers,User Experience,,,,,Yes,1-2,Partially dedicated team/committee,,,,,,,,,,,,,,,,,,,,,,,Manager,,Design,,"Utilities, Energy, and Extraction","10,001+"
6770556475,Design system - reusable web components with clear usage guidelines,,,Voice & tone guidelines,Usage guidelines,Accessibility guidelines,Color system,Spacing system,Typography system,,,Layout system,,Navigation components,Form components,,Design files,HTML code,CSS code,JS code,,More than 75% is from the design system,Internal team,,Yes,4,A strong motivator for my organization,A strong motivator for my organization,A strong motivator for my organization,3,4,,Very successful,,,,,,,Other (please specify),"A mix of designers, researchers, content strategists and developers",Values highly,Values highly,Values highly,2,N/A,Values highly,Values highly,Values highly,,Developers,Designers,User Experience,,,,Content strategists,Yes,20 or more,Other (please specify),Dedicated team + partially dedicated collaborators from other teams,,,,,,,,,,,,,,,,,,,,,,Manager,,Development,,"Telecommunications, IT Hardware, Software","2,001-10,000"
6770528912,Design system - reusable web components with clear usage guidelines,,,Voice & tone guidelines,Usage guidelines,Accessibility guidelines,Color system,Spacing system,Typography system,Animation system,Grid system,Layout system,Content blocks,Navigation components,Form components,Example page templates,Design files,HTML code,CSS code,JS code,,More than 75% is from the design system,Internal team,,Yes,A strong motivator for my organization,A strong motivator for my organization,A strong motivator for my organization,A strong motivator for my organization,3,A strong motivator for my organization,,Very successful,,,,,,,Designers,,Values highly,,Values highly,3,4,3,2,2,,Developers,Designers,User Experience,,,,,Yes,6-10,Dedicated team,,,,,,,,,,,,,,,,,,,,,,,Manager,,Design,,"Telecommunications, IT Hardware, Software","501-2,000"
6770435090,Design system - reusable web components with clear usage guidelines,,Brand guidelines,,,Accessibility guidelines,Color system,,Typography system,,Grid system,,Content blocks,,,Example page templates,,HTML code,CSS code,,,More than 75% is from the design system,Internal team,,Yes,4,4,3,4,Not a motivator for my organization,4,,4,,,,,,,Unsure,,Values highly,Values highly,Values highly,N/A,4,Values highly,3,N/A,,Developers,Designers,,,,Product Managers/Project Managers,,Yes,6-10,Dedicated team,,,,,,,,,,,,,,,,,,,,,,,Individual contributor,,Development,,Education,"2,001-10,000"
6754667519,Design system - reusable web components with clear usage guidelines,,Brand guidelines,,Usage guidelines,Accessibility guidelines,Color system,,Typography system,,,Layout system,,Navigation components,,Example page templates,,,,,,I am not sure or I prefer not to say,Combination of internal team and agency or consultant,,Yes,A strong motivator for my organization,4,A strong motivator for my organization,4,A strong motivator for my organization,A strong motivator for my organization,,Very successful,,,,,,,Unsure,,4,4,4,2,4,4,3,2,,Developers,Designers,User Experience,,,Product Managers/Project Managers,,No,,,,,,,,,,,,,,,,,,,,,,,,,Manager,,Project/Product Management,,Government,"2,001-10,000"
6754059186,Design system - reusable web components with clear usage guidelines,,Brand guidelines,Voice & tone guidelines,Usage guidelines,Accessibility guidelines,Color system,Spacing system,Typography system,,,Layout system,,,Form components,,Design files,HTML code,CSS code,JS code,,More than 75% is from the design system,Internal team,,Yes,A strong motivator for my organization,A strong motivator for my organization,A strong motivator for my organization,A strong motivator for my organization,A strong motivator for my organization,A strong motivator for my organization,,4,,,,,,,User Experience,,Values highly,Values highly,Values highly,3,3,4,3,4,,Developers,Designers,User Experience,,,Product Managers/Project Managers,,Yes,6-10,Partially dedicated team/committee,,,,,,,,,,,,,,,,,,,,,,,Executive,,User Experience,,Finance & Financial Services,"501-2,000"
6754035125,Design system - reusable web components with clear usage guidelines,,,,,Accessibility guidelines,Color system,Spacing system,Typography system,,,,,Navigation components,Form components,,,,,,,More than 75% is from the design system,Internal team,,Yes,A strong motivator for my organization,A strong motivator for my organization,A strong motivator for my organization,A strong motivator for my organization,A strong motivator for my organization,A strong motivator for my organization,,4,,,,Maintenance difficulties,,,Designers,,Values highly,Values highly,Values highly,2,2,4,Values highly,2,,Developers,Designers,User Experience,,,,,Yes,3-5,Maintained via a design system/pattern library tool,,,,,,,,,,,,,,,,,,,,,,,Individual contributor,,Design,,Finance & Financial Services,"2,001-10,000"
6753729178,Design system - reusable web components with clear usage guidelines,,,Voice & tone guidelines,Usage guidelines,Accessibility guidelines,Color system,,Typography system,,,,,Navigation components,Form components,Example page templates,,HTML code,CSS code,JS code,,I am not sure or I prefer not to say,Internal team,,Yes,3,3,A strong motivator for my organization,3,2,4,,4,,,,,,,Designers,,Values highly,Values highly,Values highly,N/A,N/A,N/A,N/A,N/A,,Developers,Designers,User Experience,,,,,Yes,6-10,Dedicated team,,,,,,,,,,,,,,,,,,,,,,,Individual contributor,,User Experience,,Finance & Financial Services,"10,001+"
6753715508,Design system - reusable web components with clear usage guidelines,,Brand guidelines,Voice & tone guidelines,Usage guidelines,,Color system,Spacing system,Typography system,,,Layout system,Content blocks,Navigation components,Form components,,,HTML code,CSS code,JS code,,More than 75% is from the design system,Internal team,,No,A strong motivator for my organization,A strong motivator for my organization,A strong motivator for my organization,A strong motivator for my organization,2,A strong motivator for my organization,,Very successful,,,,,,,Designers,,4,Values highly,Values highly,Does not value,4,3,4,3,,Developers,Designers,User Experience,,Quality Assurance,,,Yes,11-15,Partially dedicated team/committee,,,,,,,,,,,,,,,,,,,,,,,Individual contributor,,Design,,Finance & Financial Services,51-200
6753657387,Design system - reusable web components with clear usage guidelines,,Brand guidelines,,,,Color system,Spacing system,Typography system,Animation system,Grid system,,Content blocks,Navigation components,,,Design files,,,,,More than 75% is from the design system,Agency or consultant,,Yes,4,A strong motivator for my organization,4,A strong motivator for my organization,4,4,,4,,,Funding difficulties,,Lack of executive champion,,Designers,,Values highly,Values highly,4,2,3,3,4,2,,Developers,Designers,User Experience,,,,,Yes,6-10,Partially dedicated team/committee,,,,,,,,,,,,,,,,,,,,,,,Other (please specify),Designer,Design,,Advertising & Marketing,11-50
6753585971,Design system - reusable web components with clear usage guidelines,,Brand guidelines,Voice & tone guidelines,Usage guidelines,Accessibility guidelines,Color system,Spacing system,Typography system,Animation system,Grid system,Layout system,Content blocks,Navigation components,Form components,Example page templates,Design files,HTML code,CSS code,JS code,,More than 75% is from the design system,Internal team,,Yes,A strong motivator for my organization,A strong motivator for my organization,A strong motivator for my organization,A strong motivator for my organization,A strong motivator for my organization,A strong motivator for my organization,,Very successful,,,,,,,Marketing,,N/A,Values highly,Values highly,Values highly,Values highly,N/A,N/A,Values highly,,,Designers,User Experience,Marketing,,,,Yes,20 or more,Dedicated team,,,,,,,,,,,,,,,,,,,,,,,Individual contributor,,Development,,"Telecommunications, IT Hardware, Software","10,001+"
6751747489,Design system - reusable web components with clear usage guidelines,,Brand guidelines,Voice & tone guidelines,Usage guidelines,Accessibility guidelines,Color system,Spacing system,Typography system,,Grid system,,,Navigation components,Form components,,Design files,HTML code,CSS code,JS code,,I am not sure or I prefer not to say,Internal team,,Yes,3,A strong motivator for my organization,4,A strong motivator for my organization,4,A strong motivator for my organization,,4,Adoption difficulties,,,,Lack of executive champion,,User Experience,,4,4,4,4,3,3,3,4,,Developers,Designers,User Experience,,,,,Yes,3-5,Dedicated team,,,,,,,,,,,,,,,,,,,,,,,Individual contributor,,User Experience,,Finance & Financial Services,"10,001+"
6751738307,Design system - reusable web components with clear usage guidelines,,Brand guidelines,Voice & tone guidelines,Usage guidelines,Accessibility guidelines,Color system,Spacing system,Typography system,,Grid system,Layout system,,Navigation components,Form components,Example page templates,Design files,HTML code,CSS code,JS code,,Less than 50% is from the design system,Internal team,,No,4,A strong motivator for my organization,A strong motivator for my organization,A strong motivator for my organization,2,A strong motivator for my organization,no,4,Adoption difficulties,Staffing difficulties,,,,,User Experience,,4,4,4,Does not value,N/A,3,4,3,,Developers,Designers,User Experience,,,,,Yes,11-15,Partially dedicated team/committee,,,,,,,,,,,,,,,,,,,,,,,Manager,,User Experience,,"Telecommunications, IT Hardware, Software","501-2,000"
6751726678,Design system - reusable web components with clear usage guidelines,,Brand guidelines,Voice & tone guidelines,Usage guidelines,,Color system,,Typography system,,,,,,,,Design files,,,,,50% to 74% is from the design system,Combination of internal team and agency or consultant,,Yes,A strong motivator for my organization,2,4,3,2,3,,4,,,,Maintenance difficulties,,,Marketing,,4,Values highly,4,Values highly,3,4,3,Values highly,,,Designers,,Marketing,,,,Yes,1-2,Partially dedicated team/committee,,,,,,,,,,,,,,,,,,,,,,,Manager,,Design,,Agriculture,11-50
6751655822,Design system - reusable web components with clear usage guidelines,,,,,,,Spacing system,Typography system,,Grid system,Layout system,Content blocks,Navigation components,Form components,Example page templates,,HTML code,CSS code,JS code,,More than 75% is from the design system,Internal team,,No,4,A strong motivator for my organization,A strong motivator for my organization,A strong motivator for my organization,A strong motivator for my organization,A strong motivator for my organization,,4,,,,,,,Designers,,4,4,4,N/A,N/A,N/A,Does not value,Does not value,,Developers,Designers,User Experience,,,,,Yes,3-5,Dedicated team,,,,,,,,,,,,,,,,,,,,,,,Other (please specify),"Multiple hats: manager, UX, designer",Design,,Government,"2,001-10,000"
6751568230,Design system - reusable web components with clear usage guidelines,,,,Usage guidelines,,,Spacing system,Typography system,,Grid system,Layout system,,Navigation components,Form components,Example page templates,Design files,,,,,More than 75% is from the design system,Internal team,,Yes,Not a motivator for my organization,A strong motivator for my organization,A strong motivator for my organization,A strong motivator for my organization,A strong motivator for my organization,A strong motivator for my organization,,Very successful,,,,,,,User Experience,,3,Values highly,Values highly,N/A,4,4,4,Values highly,,Developers,Designers,User Experience,,Quality Assurance,Product Managers/Project Managers,,Yes,3-5,Dedicated team,,,,,,,,,,,,,,,,,,,,,,,Manager,,User Experience,,Airlines & Aerospace (including Defense),51-200
6751493823,Design system - reusable web components with clear usage guidelines,,,,,,Color system,Spacing system,Typography system,,Grid system,Layout system,Content blocks,Navigation components,Form components,Example page templates,,HTML code,CSS code,JS code,,More than 75% is from the design system,Internal team,,Yes,A strong motivator for my organization,A strong motivator for my organization,A strong motivator for my organization,A strong motivator for my organization,A strong motivator for my organization,A strong motivator for my organization,none,Very successful,Adoption difficulties,,,,,,Developers,,Values highly,4,4,4,3,4,4,3,,Developers,,,,,,,Yes,6-10,Dedicated team,,,,,,,,,,,,,,,,,,,,,,,Individual contributor,,Development,,Nonprofit,"2,001-10,000"
6751468830,Design system - reusable web components with clear usage guidelines,,Brand guidelines,Voice & tone guidelines,Usage guidelines,Accessibility guidelines,Color system,,Typography system,Animation system,Grid system,Layout system,,,Form components,Example page templates,Design files,,CSS code,JS code,,Less than 50% is from the design system,Internal team,,Unsure,3,A strong motivator for my organization,A strong motivator for my organization,A strong motivator for my organization,3,A strong motivator for my organization,,4,,,,,,,Other (please specify),Design AND developers,Values highly,Values highly,Values highly,N/A,N/A,N/A,N/A,N/A,,Developers,Designers,User Experience,,,,,Yes,11-15,Partially dedicated team/committee,,,,,,,,,,,,,,,,,,,,,,,Individual contributor,,Design,,Finance & Financial Services,201-500
6751415546,Design system - reusable web components with clear usage guidelines,,Brand guidelines,,Usage guidelines,,Color system,,,,Grid system,Layout system,Content blocks,Navigation components,Form components,,,HTML code,CSS code,JS code,,More than 75% is from the design system,Internal team,,Yes,3,A strong motivator for my organization,4,A strong motivator for my organization,A strong motivator for my organization,A strong motivator for my organization,,4,,,,,Lack of executive champion,,Developers,,4,3,4,3,3,3,3,3,,Developers,,,,,,,Yes,20 or more,Partially dedicated team/committee,,,,,,,,,,,,,,,,,,,,,,,Individual contributor,,Development,,Finance & Financial Services,201-500
6751288736,Design system - reusable web components with clear usage guidelines,,Brand guidelines,,Usage guidelines,,,,,,,,,Navigation components,,Example page templates,,HTML code,CSS code,JS code,,More than 75% is from the design system,Internal team,,Yes,A strong motivator for my organization,A strong motivator for my organization,A strong motivator for my organization,A strong motivator for my organization,Not a motivator for my organization,A strong motivator for my organization,,4,Adoption difficulties,,,,,,Product Managers/Project Managers,,Values highly,4,Values highly,Does not value,4,3,4,4,,Developers,Designers,User Experience,Marketing,,,,Yes,20 or more,Partially dedicated team/committee,,,,,,,,,,,,,,,,,,,,,,,Individual contributor,,Development,,Unsure/Prefer Not to Say,"10,001+"
6732426784,Design system - reusable web components with clear usage guidelines,,Brand guidelines,Voice & tone guidelines,Usage guidelines,Accessibility guidelines,,Spacing system,Typography system,,Grid system,,Content blocks,Navigation components,Form components,,Design files,HTML code,CSS code,,,50% to 74% is from the design system,Internal team,,Yes,4,A strong motivator for my organization,A strong motivator for my organization,A strong motivator for my organization,3,A strong motivator for my organization,,Very successful,,,,,,,User Experience,,4,4,4,3,N/A,3,N/A,Values highly,,Developers,Designers,User Experience,,,Product Managers/Project Managers,,Yes,6-10,Partially dedicated team/committee,,,,,,,,,,,,,,,,,,,,,,,Manager,,Development,,Business Support & Logistics,"10,001+"
6731954195,Design system - reusable web components with clear usage guidelines,,Brand guidelines,,Usage guidelines,,,,Typography system,,Grid system,Layout system,Content blocks,Navigation components,Form components,,Design files,,CSS code,,,Everything on our web property/properties is from the design system,Internal team,,Yes,A strong motivator for my organization,4,3,A strong motivator for my organization,4,A strong motivator for my organization,,4,,,,,,,Designers,,Values highly,4,Values highly,Does not value,4,3,2,3,,Developers,Designers,,,,,,Yes,1-2,Partially dedicated team/committee,,,,,,,,,,,,,,,,,,,,,,,Owner,,Design,,"Telecommunications, IT Hardware, Software",1-10
6731796988,Design system - reusable web components with clear usage guidelines,,,,,,Color system,Spacing system,Typography system,,Grid system,Layout system,Content blocks,Navigation components,Form components,Example page templates,Design files,HTML code,CSS code,JS code,,50% to 74% is from the design system,Internal team,,Yes,4,A strong motivator for my organization,A strong motivator for my organization,A strong motivator for my organization,4,A strong motivator for my organization,,4,Adoption difficulties,Staffing difficulties,,Maintenance difficulties,,,Developers,,Values highly,4,4,4,3,4,3,3,,Developers,Designers,User Experience,,,,,Yes,6-10,Maintained via a design system/pattern library tool,,,,,,,,,,,,,,,,,,,,,,,Individual contributor,,Development,,"Telecommunications, IT Hardware, Software","2,001-10,000"
6731771310,Design system - reusable web components with clear usage guidelines,,Brand guidelines,Voice & tone guidelines,,,Color system,Spacing system,Typography system,,,Layout system,Content blocks,Navigation components,Form components,Example page templates,Design files,HTML code,CSS code,JS code,,50% to 74% is from the design system,Internal team,,No,A strong motivator for my organization,2,A strong motivator for my organization,Not a motivator for my organization,A strong motivator for my organization,A strong motivator for my organization,,4,,,,Maintenance difficulties,,,Designers,,3,Values highly,Values highly,Does not value,2,2,2,Does not value,,,Designers,User Experience,,,,Content Specialist,Yes,6-10,Maintained via a design system/pattern library tool,,,,,,,,,,,,,,,,,,,,,,,Manager,,Design,,Retail & Consumer Durables,51-200
6729913293,Design system - reusable web components with clear usage guidelines,,,Voice & tone guidelines,,Accessibility guidelines,Color system,Spacing system,Typography system,,Grid system,Layout system,,Navigation components,Form components,,,HTML code,CSS code,,,50% to 74% is from the design system,Internal team,,Yes,4,A strong motivator for my organization,A strong motivator for my organization,A strong motivator for my organization,3,A strong motivator for my organization,,4,,Staffing difficulties,,,,,Developers,,Values highly,Values highly,Values highly,2,4,4,3,3,,Developers,Designers,User Experience,,Quality Assurance,,,Yes,11-15,Partially dedicated team/committee,,,,,,,,,,,,,,,,,,,,,,,Manager,,Development,,Automotive,"501-2,000"
6729819146,Design system - reusable web components with clear usage guidelines,,Brand guidelines,,,,Color system,Spacing system,Typography system,,Grid system,Layout system,Content blocks,Navigation components,Form components,Example page templates,,HTML code,CSS code,JS code,,Less than 50% is from the design system,Internal team,,Yes,4,A strong motivator for my organization,A strong motivator for my organization,A strong motivator for my organization,4,4,stop marketing coming up with bullshit for every page and feature,4,,,,,Lack of executive champion,,Developers,,Values highly,4,3,2,4,4,3,2,,Developers,Designers,,,,,,Yes,11-15,Maintained via a design system/pattern library tool,,,,,,,,,,,,,,,,,,,,,,,Individual contributor,,Development,,"Telecommunications, IT Hardware, Software","501-2,000"
6729753173,Design system - reusable web components with clear usage guidelines,,,,Usage guidelines,,Color system,,,,,,Content blocks,Navigation components,Form components,,,HTML code,,,,Everything on our web property/properties is from the design system,Internal team,,No,2,A strong motivator for my organization,A strong motivator for my organization,A strong motivator for my organization,4,A strong motivator for my organization,,Very successful,,,,,,,Designers,,4,Values highly,4,N/A,N/A,3,N/A,,,Developers,Designers,,,,,,No,,,,,,,,,,,,,,,,,,,,,,,,,Individual contributor,,Design,,"Telecommunications, IT Hardware, Software",11-50
6729399666,Design system - reusable web components with clear usage guidelines,,,,,,Color system,Spacing system,Typography system,,Grid system,Layout system,,Navigation components,Form components,Example page templates,,,,,,More than 75% is from the design system,Internal team,,No,4,A strong motivator for my organization,A strong motivator for my organization,4,3,4,-NA-,4,,,,,,,Designers,,4,Values highly,Values highly,Does not value,2,2,3,4,,Developers,Designers,User Experience,,,,,Yes,1-2,Partially dedicated team/committee,,,,,,,,,,,,,,,,,,,,,,,Individual contributor,,Design,,Unsure/Prefer Not to Say,51-200
6729333355,Design system - reusable web components with clear usage guidelines,,Brand guidelines,Voice & tone guidelines,Usage guidelines,Accessibility guidelines,Color system,Spacing system,Typography system,,Grid system,Layout system,Content blocks,,Form components,Example page templates,Design files,HTML code,CSS code,JS code,,Everything on our web property/properties is from the design system,Agency or consultant,,Yes,A strong motivator for my organization,A strong motivator for my organization,A strong motivator for my organization,A strong motivator for my organization,2,A strong motivator for my organization,,Very successful,,,,,,,User Experience,,4,Values highly,Values highly,2,4,3,3,4,,Developers,Designers,User Experience,,,,,Yes,11-15,Partially dedicated team/committee,,,,,,,,,,,,,,,,,,,,,,,Manager,,Other (please specify),Architecture,Finance & Financial Services,"10,001+"
6729076513,Design system - reusable web components with clear usage guidelines,,Brand guidelines,Voice & tone guidelines,Usage guidelines,Accessibility guidelines,Color system,Spacing system,Typography system,,Grid system,Layout system,Content blocks,Navigation components,Form components,Example page templates,Design files,HTML code,CSS code,JS code,,More than 75% is from the design system,Internal team,,Yes,A strong motivator for my organization,A strong motivator for my organization,A strong motivator for my organization,A strong motivator for my organization,3,A strong motivator for my organization,Better accessibility,Very successful,,,,,,,User Experience,,4,Values highly,Values highly,2,3,3,4,4,,Developers,Designers,User Experience,,Quality Assurance,Product Managers/Project Managers,,Yes,20 or more,Partially dedicated team/committee,,,,,,,,,,,,,,,,,,,,,,,Individual contributor,,User Experience,,Finance & Financial Services,"10,001+"
6729001649,Design system - reusable web components with clear usage guidelines,,,,Usage guidelines,Accessibility guidelines,,,,,,Layout system,,,,,,HTML code,CSS code,,,More than 75% is from the design system,Internal team,,No,Not a motivator for my organization,A strong motivator for my organization,3,A strong motivator for my organization,Not a motivator for my organization,4,,4,,Staffing difficulties,,,,We have not been able to incorporate JS into it yet. It seems our use of a JS framework makes that difficult. ,Developers,,Values highly,4,Values highly,3,N/A,3,Does not value,Does not value,,Developers,Designers,User Experience,,,,,Yes,16-19,Other (please specify),Me (senior FE dev & creator of our PL),,,,,,,,,,,,,,,,,,,,,,Individual contributor,,Development,,Real Estate,"10,001+"
6727472400,Design system - reusable web components with clear usage guidelines,,Brand guidelines,,Usage guidelines,Accessibility guidelines,Color system,Spacing system,Typography system,,Grid system,Layout system,Content blocks,Navigation components,Form components,,Design files,HTML code,CSS code,,,Everything on our web property/properties is from the design system,Internal team,,Yes,A strong motivator for my organization,A strong motivator for my organization,4,A strong motivator for my organization,A strong motivator for my organization,4,No,4,,,,,,,Developers,,Values highly,Values highly,4,4,Values highly,2,2,Values highly,,Developers,Designers,User Experience,,,,,Yes,3-5,Dedicated team,,,,,,,,,,,,,,,,,,,,,,,Owner,,Design,,"Telecommunications, IT Hardware, Software","501-2,000"
6723237793,Design system - reusable web components with clear usage guidelines,,,,Usage guidelines,Accessibility guidelines,Color system,,Typography system,,,,Content blocks,Navigation components,Form components,,Design files,HTML code,CSS code,JS code,,I am not sure or I prefer not to say,Internal team,,Yes,3,4,3,A strong motivator for my organization,Not a motivator for my organization,A strong motivator for my organization,,4,,,,,,,Other (please specify),Our internal team has both dev and design. The effort is design driven.,4,Values highly,4,N/A,4,3,N/A,N/A,,Developers,Designers,User Experience,,,,,Yes,3-5,Dedicated team,,,,,,,,,,,,,,,,,,,,,,,Individual contributor,,Design,,"Telecommunications, IT Hardware, Software","2,001-10,000"
6722825892,Design system - reusable web components with clear usage guidelines,,Brand guidelines,Voice & tone guidelines,Usage guidelines,,Color system,Spacing system,Typography system,,Grid system,Layout system,,Navigation components,Form components,Example page templates,Design files,,,JS code,,More than 75% is from the design system,Internal team,,No,2,A strong motivator for my organization,A strong motivator for my organization,A strong motivator for my organization,A strong motivator for my organization,A strong motivator for my organization,,Very successful,,,,,,,Designers,,Values highly,Values highly,Values highly,Does not value,3,Values highly,4,3,,Developers,Designers,User Experience,,Quality Assurance,,,Yes,3-5,Partially dedicated team/committee,,,,,,,,,,,,,,,,,,,,,,,Manager,,Design,,"Telecommunications, IT Hardware, Software",51-200
6717300864,Design system - reusable web components with clear usage guidelines,,Brand guidelines,Voice & tone guidelines,Usage guidelines,Accessibility guidelines,Color system,Spacing system,Typography system,Animation system,Grid system,,,,Form components,,Design files,HTML code,CSS code,JS code,,More than 75% is from the design system,Internal team,,Yes,A strong motivator for my organization,A strong motivator for my organization,A strong motivator for my organization,A strong motivator for my organization,A strong motivator for my organization,A strong motivator for my organization,ability for users to learn interactions across products,4,,,,,,,Designers,,3,4,Values highly,2,2,2,Values highly,3,UX is design (?),Developers,Designers,User Experience,,,,,Yes,6-10,Dedicated team,,,,,,,,,,,,,,,,,,,,,,,Manager,,Other (please specify),"UX + Design ( I don't understand, they are the same)","Telecommunications, IT Hardware, Software","10,001+"
6715760018,Design system - reusable web components with clear usage guidelines,,,,Usage guidelines,Accessibility guidelines,,,Typography system,,Grid system,Layout system,Content blocks,Navigation components,Form components,,,HTML code,CSS code,JS code,,50% to 74% is from the design system,Internal team,,Yes,3,,3,A strong motivator for my organization,3,A strong motivator for my organization,,4,,Staffing difficulties,,,,,User Experience,,4,4,Values highly,N/A,4,4,4,3,,Developers,Designers,User Experience,,,,,Yes,20 or more,Dedicated team,,,,,,,,,,,,,,,,,,,,,,,Individual contributor,,Project/Product Management,,Government,51-200
6713388787,Design system - reusable web components with clear usage guidelines,,,,Usage guidelines,Accessibility guidelines,Color system,,Typography system,,,Layout system,Content blocks,Navigation components,Form components,,Design files,HTML code,CSS code,JS code,,Everything on our web property/properties is from the design system,Internal team,,Yes,2,A strong motivator for my organization,3,A strong motivator for my organization,4,A strong motivator for my organization,,Very successful,,,,,,,Designers,,Values highly,Values highly,Values highly,3,Values highly,Values highly,Values highly,Values highly,,Developers,Designers,User Experience,,,,,Yes,6-10,Partially dedicated team/committee,,,,,,,,,,,,,,,,,,,,,,,Manager,,Design,,Airlines & Aerospace (including Defense),"501-2,000"
6712911434,Design system - reusable web components with clear usage guidelines,,Brand guidelines,Voice & tone guidelines,Usage guidelines,,Color system,Spacing system,Typography system,,,,Content blocks,Navigation components,Form components,Example page templates,Design files,,,,,More than 75% is from the design system,Internal team,,No,A strong motivator for my organization,4,A strong motivator for my organization,4,A strong motivator for my organization,A strong motivator for my organization,,4,Adoption difficulties,,,,,It's very work in progress and a shift in programs photoshop to sketch so using design files was a challenge ,Designers,,Values highly,Values highly,Values highly,2,4,4,2,2,,Developers,Designers,User Experience,,,,,Yes,11-15,Partially dedicated team/committee,,,,,,,,,,,,,,,,,,,,,,,Individual contributor,,Design,,"Telecommunications, IT Hardware, Software",51-200
6712722850,Design system - reusable web components with clear usage guidelines,,Brand guidelines,,Usage guidelines,Accessibility guidelines,Color system,Spacing system,Typography system,,Grid system,Layout system,,Navigation components,Form components,Example page templates,,HTML code,CSS code,JS code,,I am not sure or I prefer not to say,Internal team,,Yes,A strong motivator for my organization,3,A strong motivator for my organization,A strong motivator for my organization,3,A strong motivator for my organization,Accessibility,4,,,,,,"We launched very recently, so it's hard to say if it's successful",Marketing,,Values highly,Values highly,Values highly,2,3,3,3,Does not value,IT Department values it very highly,Developers,Designers,User Experience,Marketing,,,,Yes,6-10,Other (please specify),Combo of dedicated team with partially dedicated team,,,,,,,,,,,,,,,,,,,,,,Individual contributor,,Design,,Insurance,"2,001-10,000"
6712718531,Design system - reusable web components with clear usage guidelines,,Brand guidelines,Voice & tone guidelines,Usage guidelines,Accessibility guidelines,Color system,Spacing system,Typography system,,Grid system,Layout system,Content blocks,Navigation components,Form components,Example page templates,Design files,HTML code,CSS code,JS code,,More than 75% is from the design system,Internal team,,Yes,A strong motivator for my organization,A strong motivator for my organization,A strong motivator for my organization,A strong motivator for my organization,A strong motivator for my organization,A strong motivator for my organization,No,4,Adoption difficulties,Staffing difficulties,Funding difficulties,,,,User Experience,,Values highly,Values highly,Values highly,3,Does not value,2,Does not value,Does not value,,Developers,Designers,User Experience,,,,,Yes,6-10,Partially dedicated team/committee,,,,,,,,,,,,,,,,,,,,,,,Individual contributor,,Development,,Insurance,"2,001-10,000"
6712700329,Design system - reusable web components with clear usage guidelines,,,,Usage guidelines,Accessibility guidelines,Color system,,Typography system,,Grid system,Layout system,Content blocks,Navigation components,Form components,Example page templates,Design files,HTML code,CSS code,JS code,,More than 75% is from the design system,Internal team,,Yes,N/A,A strong motivator for my organization,A strong motivator for my organization,A strong motivator for my organization,A strong motivator for my organization,A strong motivator for my organization,,Very successful,,,,,,,User Experience,,Values highly,4,Values highly,3,3,3,3,3,,Developers,Designers,,,,,,Yes,1-2,Partially dedicated team/committee,,,,,,,,,,,,,,,,,,,,,,,Owner,,User Experience,,Business Support & Logistics,"2,001-10,000"
6711968866,Design system - reusable web components with clear usage guidelines,,,,Usage guidelines,Accessibility guidelines,Color system,Spacing system,Typography system,Animation system,Grid system,Layout system,,Navigation components,Form components,Example page templates,Design files,,,JS code,,Everything on our web property/properties is from the design system,Internal team,,Yes,Not a motivator for my organization,A strong motivator for my organization,A strong motivator for my organization,A strong motivator for my organization,A strong motivator for my organization,A strong motivator for my organization,,4,,,,Maintenance difficulties,,,Other (please specify),UX Team - designers and devs,Values highly,Values highly,Values highly,3,4,Values highly,Values highly,4,,Developers,Designers,User Experience,,Quality Assurance,Product Managers/Project Managers,,Yes,20 or more,Partially dedicated team/committee,,,,,,,,,,,,,,,,,,,,,,,Individual contributor,,User Experience,,"Telecommunications, IT Hardware, Software",201-500
6711714118,Design system - reusable web components with clear usage guidelines,,Brand guidelines,,Usage guidelines,,Color system,Spacing system,Typography system,,Grid system,Layout system,Content blocks,Navigation components,Form components,Example page templates,Design files,HTML code,CSS code,JS code,,More than 75% is from the design system,Internal team,,Yes,A strong motivator for my organization,A strong motivator for my organization,A strong motivator for my organization,A strong motivator for my organization,A strong motivator for my organization,A strong motivator for my organization,No,Very successful,,,,,,,User Experience,,4,Values highly,Values highly,N/A,4,3,4,Values highly,,Developers,Designers,User Experience,,Quality Assurance,,,Yes,6-10,Dedicated team,,,,,,,,,,,,,,,,,,,,,,,Individual contributor,,Development,,Government,"10,001+"
6711576644,Design system - reusable web components with clear usage guidelines,,,Voice & tone guidelines,Usage guidelines,Accessibility guidelines,Color system,,Typography system,,,Layout system,,Navigation components,Form components,,Design files,HTML code,,JS code,,50% to 74% is from the design system,Internal team,,Yes,3,4,4,A strong motivator for my organization,4,A strong motivator for my organization,,4,,,,,,,Other (please specify),"We have a multidisciplinary team of feds, designers, researchers, and content strategists responsible for it. ",Values highly,4,Values highly,4,N/A,2,2,Values highly,,Developers,Designers,,,,,,Yes,20 or more,Dedicated team,,,,,,,,,,,,,,,,,,,,,,,Individual contributor,,Development,,"Telecommunications, IT Hardware, Software","2,001-10,000"
6711293164,Design system - reusable web components with clear usage guidelines,,Brand guidelines,Voice & tone guidelines,Usage guidelines,,Color system,Spacing system,Typography system,,Grid system,Layout system,Content blocks,Navigation components,Form components,,Design files,,CSS code,JS code,,50% to 74% is from the design system,Internal team,,No,3,A strong motivator for my organization,A strong motivator for my organization,A strong motivator for my organization,4,4,,4,,,,,,,Other (please specify),"A dedicated team of ""UX Engineers""",4,Values highly,Values highly,N/A,N/A,3,N/A,N/A,,Developers,Designers,User Experience,,,Product Managers/Project Managers,,Yes,3-5,Dedicated team,,,,,,,,,,,,,,,,,,,,,,,Individual contributor,,Development,,Education,201-500
6711268517,Design system - reusable web components with clear usage guidelines,,Brand guidelines,Voice & tone guidelines,Usage guidelines,Accessibility guidelines,Color system,,Typography system,Animation system,Grid system,,,Navigation components,Form components,Example page templates,Design files,HTML code,CSS code,JS code,,50% to 74% is from the design system,Other (please specify),"An internal designer and developer in a project team that saw the need for a more effective way of working, alongside some other internal and external developers who helped when they could.",No,A strong motivator for my organization,A strong motivator for my organization,A strong motivator for my organization,A strong motivator for my organization,A strong motivator for my organization,A strong motivator for my organization,Increased quality of design and development through standardising the design and development process and using time to focus more on UX problems than recreating the same components over and over again.,4,,,,,,,Other (please specify),A cross-functional team of UX/UI designers and developers,Values highly,Values highly,Values highly,2,Values highly,3,3,3,,Developers,Designers,User Experience,,,,,Yes,6-10,Partially dedicated team/committee,,,,,,,,,,,,,,,,,,,,,,,Owner,,Design,,Finance & Financial Services,"501-2,000"
6711126697,Design system - reusable web components with clear usage guidelines,,,,Usage guidelines,Accessibility guidelines,Color system,Spacing system,Typography system,,Grid system,Layout system,Content blocks,Navigation components,Form components,Example page templates,,HTML code,CSS code,JS code,,Everything on our web property/properties is from the design system,Internal team,,Yes,3,A strong motivator for my organization,4,A strong motivator for my organization,A strong motivator for my organization,A strong motivator for my organization,,4,,,,,,,Developers,,Values highly,4,4,3,N/A,4,4,3,,Developers,Designers,,,,,,Yes,3-5,Maintained via a design system/pattern library tool,,,,,,,,,,,,,,,,,,,,,,,Owner,,Development,,"Utilities, Energy, and Extraction","2,001-10,000"
6711008762,Design system - reusable web components with clear usage guidelines,,Brand guidelines,Voice & tone guidelines,Usage guidelines,Accessibility guidelines,Color system,Spacing system,Typography system,Animation system,Grid system,Layout system,Content blocks,Navigation components,Form components,Example page templates,Design files,HTML code,CSS code,JS code,Design Tokens,Everything on our web property/properties is from the design system,Internal team,,Yes,A strong motivator for my organization,A strong motivator for my organization,A strong motivator for my organization,A strong motivator for my organization,4,A strong motivator for my organization,Customer configuration,Very successful,,,,,,,Other (please specify),Shared ownership across organization with a lead,Values highly,Values highly,Values highly,4,4,Values highly,Values highly,Values highly,,Developers,Designers,User Experience,,,,,Yes,20 or more,Other (please specify),A combination of all of the above,,,,,,,,,,,,,,,,,,,,,,Individual contributor,,Design,,"Telecommunications, IT Hardware, Software","10,001+"
6710977581,Design system - reusable web components with clear usage guidelines,,Brand guidelines,,,,Color system,Spacing system,Typography system,,Grid system,Layout system,,,,,,HTML code,CSS code,JS code,,Everything on our web property/properties is from the design system,Internal team,,No,4,A strong motivator for my organization,A strong motivator for my organization,A strong motivator for my organization,A strong motivator for my organization,A strong motivator for my organization,,4,,,,,,,Developers,,Values highly,Values highly,3,2,2,Values highly,Values highly,3,,Developers,Designers,,,,,,Yes,3-5,Partially dedicated team/committee,,,,,,,,,,,,,,,,,,,,,,,Individual contributor,,Development,,Entertainment & Leisure,"2,001-10,000"
6710960218,Design system - reusable web components with clear usage guidelines,,Brand guidelines,Voice & tone guidelines,Usage guidelines,Accessibility guidelines,Color system,Spacing system,Typography system,Animation system,Grid system,Layout system,Content blocks,Navigation components,Form components,Example page templates,Design files,HTML code,CSS code,JS code,,Everything on our web property/properties is from the design system,Internal team,,Yes,A strong motivator for my organization,A strong motivator for my organization,A strong motivator for my organization,A strong motivator for my organization,A strong motivator for my organization,A strong motivator for my organization,,Very successful,,,,,,,Designers,,Values highly,Values highly,Values highly,Values highly,Values highly,Values highly,Values highly,Values highly,,Developers,Designers,User Experience,Marketing,Quality Assurance,Product Managers/Project Managers,,Yes,20 or more,Dedicated team,,,,,,,,,,,,,,,,,,,,,,,Manager,,Design,,"Telecommunications, IT Hardware, Software","501-2,000"
6710796692,Design system - reusable web components with clear usage guidelines,,,Voice & tone guidelines,Usage guidelines,,Color system,,Typography system,,Grid system,,Content blocks,Navigation components,Form components,,Design files,HTML code,CSS code,JS code,,Less than 50% is from the design system,Internal team,,Yes,3,A strong motivator for my organization,4,A strong motivator for my organization,A strong motivator for my organization,A strong motivator for my organization,,4,,Staffing difficulties,,Maintenance difficulties,Lack of executive champion,,User Experience,,Values highly,4,N/A,2,N/A,3,3,N/A,,Developers,Designers,,,,,,Yes,1-2,Partially dedicated team/committee,,,,,,,,,,,,,,,,,,,,,,,Individual contributor,,Development,,Unsure/Prefer Not to Say,"2,001-10,000"
6710315275,Design system - reusable web components with clear usage guidelines,,Brand guidelines,Voice & tone guidelines,Usage guidelines,Accessibility guidelines,Color system,Spacing system,Typography system,,Grid system,Layout system,,Navigation components,Form components,Example page templates,,HTML code,CSS code,JS code,,More than 75% is from the design system,Internal team,,Yes,A strong motivator for my organization,A strong motivator for my organization,N/A,3,Not a motivator for my organization,A strong motivator for my organization,n/a,4,,,,,,lack of devs in teams consuming,Other (please specify),whole delivery team,,Values highly,Values highly,,,,Values highly,,,Developers,Designers,User Experience,,,,,Yes,11-15,Dedicated team,,,,,,,,,,,,,,,,,,,,,,,Individual contributor,,Development,,Government,"501-2,000"